,motif,name,desc,seq,matches,pos,size
0,GERLRVT,WP_019566865.1, MULTISPECIES: sarcosine oxidase subunit alpha [Rhizobium/Agrobacterium group] >AHK04069.1 sarcosine oxidase alpha subunit [Agrobacterium tumefaciens LBA4213 (Ach5)] >AKC09812.1 sarcosine oxidase alpha subunit [Agrobacterium tumefaciens],MRLKDGLIDRSKVLHFTFDGKNYQGHPGDTLASALLANDVRLMGRSFKYHRPRGVISAGSEEPNALVELRTGSRLEPNTRATTVELFDGLEAKSQNRWPSLSFDALAINDLFADFLTAGFYYKTFMWPKAFWEKLYEPAIRKAAGLGSLSMKPDPDSYDKGFLHCDLLVIGAGAAGLAAALTAARAGAKVILADEDNRLGGRLLAESHLLDGAPATDWIGTLEAEFSTLPNLRVMRRTTVFGSFDHGIFGAVERVSDHLAAPKGVRQSLWRITAKRTVLAAGATERHIPFKNNDRPGIMLAGSLRAYANRWAVSPAGRVAIFTNNDDGHRTAVDLAAKGVEIAAVIDPRPDARALAEYRLIAGATVTGSKGRLGLVSIDVRKDGYDETIDCGALGISGGWNPNVHLTSHQRGRPLWDDGLQAFLPGDVPSHMLVSGAAAGKGSTGAALISGASAAITALEQMGIAASRPALPEAEDTQIGIKPLWHVPGKGRAWVDFQNDVTVKDIKLAHQENMRPIEHLKRWTTLGMATDQGKTSNATALAIMSELTGKSIPDTGTTIFRPPYTPVSMAVLGGGDTGAHFRPRRLTPSHAWAEAHGAVFVEVGQWMRAQYFPQAGETHWRQSVDREVLATRKGVGICDVTTLGKVDVQGADAAEFLDRLYCNAMKSLKVGMVRYGLMLREDGHAYDDGTCARLREDHYIVTTTTAQAGPVYRHMEFARQCLWPELDVQLISATDAWAQLAVAGPNARRLIERIVDGFDLSNAAFPFMACAELTVCAGLRARLFRISFSGELAYEIAVPARYGNALMSRLMEIGADLGATAYGTEALGVMRIEKGHAAGNELNGQTTAQMLGMGRMVSAKKDAIGTVMTRREGLVGESRVLVGLQPLAATDPVVSGSHLFTRGASQNTETDQGWITSACYSPNLGFSIGLGFLADGANRIGEIVVAANPLQGQSVELRVVSPHFIDPEGERLRA,"[(0.9938398357289527, 'GERLR')]","(0.9938398357289527, 'GERLR')","(0.9938398357289527, 'GERLR')"
1,GERLRVT,WP_038494935.1," MULTISPECIES: agrobactin synthetase subunit F [Rhizobium/Agrobacterium group] >AHK04137.1 non-ribosomal peptide synthetase modules, siderophore biosynthesis [Agrobacterium tumefaciens LBA4213 (Ach5)] >AKC09880.1 agrobactine synthetase subunit F [Agrobacterium tumefaciens]",MAADNSRMLARRIEQTFDNADEAPRSGSQPSQYEERVWFQQFQDPDQVFRHILTYRIGGESDLLRLTSALETVCEAWPELRVRFSFGEDGTLAKSVEAPSASLVQLFQTASKDEAVALLHDLQASPFDAEIDPPFQAIVLLSEGEVLLALLVHGLLGESLSPQILLGAIAAAYAGEAPKPLSPRITENAIVNPVPLPWLQGPASGTPVVSLRNNGTKPASHCHGVDLPAALLDPNGSAAPDALLARTGARFALFLATNGDLDTVTLRLPLQPGNEAGLPLPADAVARVSISRSQSPQEAEKAVLAGLARHGEHNDEVATFTLQTLPTSAETSSVERLRFERLPLPSLQSGLGLTLAAGSTVDGHIRLELTGGKEASPHATAFLLERFIAHLEGGADFSGITHQTSSAGPEAAASLPAASRSSDDETAAAILAEFREALASTDMGPDDDFFDFGGHSLIATRIIGRLLSNHGIELRFNDLFSYPTAASLAKQATRLETAAPAQAEATATGSLTAPLSLAQMSLWKAYAAFGFGEIFNIPFALDFLDPVDESAFECAFLDIIERHPGLRTHFYVEDGTVLQKIVPMHDLPGYKWFWTSEESEGVDRHTEASWRFDLARELPMRLRFLRNPQTGGQVLSFLFHHIVLDEWSVNLMMDELTEAYRARAAGKAPVFASKPAPFHEFARKQVASGVNGDHLAYWTDMLRDAPKGLVLTGQNSTPTDAAHDEAPAGGWIEFKLEKHVSDGLYAIAKQNSASLFNVVYAAIAASLRHLGGLSDLVVGTSASGRTDSGYFDTIGYFTTVVAHRVRFREEMTVGELISSVKNTVNGSLEHSEIPIDLVEEALGMTPGRDHLFEVFIQIHAKNKLNGTLSGPDGKTVEFRQIDPDKHESMLGLQFEVMEETIGGERSIRVLMSYRSDRYGPEDVDRLRTTTSGVFSRFAEAGASGRVLTTLA,"[(0.9716088328075709, 'RLRT')]","(0.9716088328075709, 'RLRT')","(0.9716088328075709, 'RLRT')"
2,GERLRVT,WP_038491802.1, MULTISPECIES: sodium:phosphate symporter [Rhizobium/Agrobacterium group] >AHK02069.1 sodium-dependent phosphate transporter [Agrobacterium tumefaciens LBA4213 (Ach5)] >AKC07899.1 sodium:phosphate symporter [Agrobacterium tumefaciens],MQSTIVIVNLLGAVALLLFGLAQVKDGVTRAFGMKLRSVLATGTQSGPRSFFSGFFATVALQSSTATALTVASFAERDLIKPRMAQVVLLGANVGTAVTAWIVAAGVEWLSPLLILSGIVLKKGSSNARQGGGTAVIGIGLMLLSLHLLSGATEPMRASPALGVFIGLLDGAWPVALIFSAVLAFVSSSSLAVVVLILSLAATGTLSAGLIIVLILGANLGGAIPPVIATLSGPASARRITIGNLVVRTIGCLIAMPLASYGATLLQQLPLSPAKLPVDAHLIFNVILAAVAWPFSALISDLMAKLVPGDSKAEDGPNFLDQQALDTPVVALANATREVLSVGDAIERMLIRAENAFKHNDLAPLQEVSLLEKKVDRRQQEVKVYLSQLGRKGLADDEARRSIAIIDYAINLEHIGDIIEKGICEQIRKKVLNSFKFSDDGYEELKTLFDMTIENLRAAQSILVTGDFELARRLMESKVDIRRLEKQSSNRHLERLRDGLTESMQTSSLHLDMLRDLKRINAHIVSVAHPILDESGVLIESRLRYAEPRA,"[(0.9836363636363636, 'RLR')]","(0.9836363636363636, 'RLR')","(0.9836363636363636, 'RLR')"
3,GERLRVT,WP_038493383.1, hypothetical protein [Agrobacterium tumefaciens] >AKC08515.1 hypothetical protein Ach5_27420 [Agrobacterium tumefaciens],MRTISGNEARALIESQLAAHGHGVFSVLAQYRRDNAVAAWHETIRAVEEFINLPRFGIADVRLRAWLCAIRLDGAFVSNPGPTWLAVRQALAPYLEPSVVARFTRIMLYAGAMGVAFAAHGQDPRSASITLDTIGGAVDYFQSRRRHFVSLLYTMPHACSGSLVLQPYDALTVLLPQVEHSCIAITGFHHKLALLEALPDFSLEVDGIGAMASHDFETLDDYFLEPERASIHVMAELRGDQFIMPTMEPVDGRKIFSTAELRNGVKLIGATYEAFGLKDSDFSAMGVLVVAFARYSRDDYYVEIEKDKFRSMLRAQHELDPAELETLLVNVPSDYATNTNAYQPFLDLGDRVVSNVNLLSRFLYAFKNVHLGSRRRFQIHAGFIFEDMVKRDLESMGFTVTNIKRINRKEFDVVATHDGVIFNIQCKNNWIDLSKIEAERKLFVRYNRSLTNYYSRALKKERGREHLLKQELGMDKVVHYVVSRFPVIGAEAAVINYNQIERLRPAGRVRA,"[(0.9784735812133072, 'ERLR')]","(0.9784735812133072, 'ERLR')","(0.9784735812133072, 'ERLR')"
4,GERLRVT,AHK02717.1, hypothetical protein X971_2856 [Agrobacterium tumefaciens LBA4213 (Ach5)],MDGAFVSNPGPTWLAVRQALAPYLEPSVVARFTRIMLYAGAMGVAFAAHGQDPRSASITLDTIGGAVDYFQSRRRHFVSLLYTMPHACSGSLVLQPYDALTVLLPQVEHSCIAITGFHHKLALLEALPDFSLEVDGIGAMASHDFETLDDYFLEPERASIHVMAELRGDQFIMPTMEPVDGRKIFSTAELRNGVKLIGATYEAFGLKDSDFSAMGVLVVAFARYSRDDYYVEIEKDKFRSMLRAQHELDPAELETLLVNVPSDYATNTNAYQPFLDLGDRVVSNVNLLSRFLYAFKNVHLGSRRRFQIHAGFIFEDMVKRDLESMGFTVTNIKRINRKEFDVVATHDGVIFNIQCKNNWIDLSKIEAERKLFVRYNRSLTNYYSRALKKERGREHLLKQELGMDKVVHYVVSRFPVIGAEAAVINYNQIERLRPAGRVRA,"[(0.975, 'ERLR')]","(0.975, 'ERLR')","(0.975, 'ERLR')"
5,GERLRFT,WP_038494935.1," MULTISPECIES: agrobactin synthetase subunit F [Rhizobium/Agrobacterium group] >AHK04137.1 non-ribosomal peptide synthetase modules, siderophore biosynthesis [Agrobacterium tumefaciens LBA4213 (Ach5)] >AKC09880.1 agrobactine synthetase subunit F [Agrobacterium tumefaciens]",MAADNSRMLARRIEQTFDNADEAPRSGSQPSQYEERVWFQQFQDPDQVFRHILTYRIGGESDLLRLTSALETVCEAWPELRVRFSFGEDGTLAKSVEAPSASLVQLFQTASKDEAVALLHDLQASPFDAEIDPPFQAIVLLSEGEVLLALLVHGLLGESLSPQILLGAIAAAYAGEAPKPLSPRITENAIVNPVPLPWLQGPASGTPVVSLRNNGTKPASHCHGVDLPAALLDPNGSAAPDALLARTGARFALFLATNGDLDTVTLRLPLQPGNEAGLPLPADAVARVSISRSQSPQEAEKAVLAGLARHGEHNDEVATFTLQTLPTSAETSSVERLRFERLPLPSLQSGLGLTLAAGSTVDGHIRLELTGGKEASPHATAFLLERFIAHLEGGADFSGITHQTSSAGPEAAASLPAASRSSDDETAAAILAEFREALASTDMGPDDDFFDFGGHSLIATRIIGRLLSNHGIELRFNDLFSYPTAASLAKQATRLETAAPAQAEATATGSLTAPLSLAQMSLWKAYAAFGFGEIFNIPFALDFLDPVDESAFECAFLDIIERHPGLRTHFYVEDGTVLQKIVPMHDLPGYKWFWTSEESEGVDRHTEASWRFDLARELPMRLRFLRNPQTGGQVLSFLFHHIVLDEWSVNLMMDELTEAYRARAAGKAPVFASKPAPFHEFARKQVASGVNGDHLAYWTDMLRDAPKGLVLTGQNSTPTDAAHDEAPAGGWIEFKLEKHVSDGLYAIAKQNSASLFNVVYAAIAASLRHLGGLSDLVVGTSASGRTDSGYFDTIGYFTTVVAHRVRFREEMTVGELISSVKNTVNGSLEHSEIPIDLVEEALGMTPGRDHLFEVFIQIHAKNKLNGTLSGPDGKTVEFRQIDPDKHESMLGLQFEVMEETIGGERSIRVLMSYRSDRYGPEDVDRLRTTTSGVFSRFAEAGASGRVLTTLA,"[(0.9716088328075709, 'RLRT')]","(0.9716088328075709, 'RLRT')","(0.9716088328075709, 'RLRT')"
6,GERLRFT,WP_019566865.1, MULTISPECIES: sarcosine oxidase subunit alpha [Rhizobium/Agrobacterium group] >AHK04069.1 sarcosine oxidase alpha subunit [Agrobacterium tumefaciens LBA4213 (Ach5)] >AKC09812.1 sarcosine oxidase alpha subunit [Agrobacterium tumefaciens],MRLKDGLIDRSKVLHFTFDGKNYQGHPGDTLASALLANDVRLMGRSFKYHRPRGVISAGSEEPNALVELRTGSRLEPNTRATTVELFDGLEAKSQNRWPSLSFDALAINDLFADFLTAGFYYKTFMWPKAFWEKLYEPAIRKAAGLGSLSMKPDPDSYDKGFLHCDLLVIGAGAAGLAAALTAARAGAKVILADEDNRLGGRLLAESHLLDGAPATDWIGTLEAEFSTLPNLRVMRRTTVFGSFDHGIFGAVERVSDHLAAPKGVRQSLWRITAKRTVLAAGATERHIPFKNNDRPGIMLAGSLRAYANRWAVSPAGRVAIFTNNDDGHRTAVDLAAKGVEIAAVIDPRPDARALAEYRLIAGATVTGSKGRLGLVSIDVRKDGYDETIDCGALGISGGWNPNVHLTSHQRGRPLWDDGLQAFLPGDVPSHMLVSGAAAGKGSTGAALISGASAAITALEQMGIAASRPALPEAEDTQIGIKPLWHVPGKGRAWVDFQNDVTVKDIKLAHQENMRPIEHLKRWTTLGMATDQGKTSNATALAIMSELTGKSIPDTGTTIFRPPYTPVSMAVLGGGDTGAHFRPRRLTPSHAWAEAHGAVFVEVGQWMRAQYFPQAGETHWRQSVDREVLATRKGVGICDVTTLGKVDVQGADAAEFLDRLYCNAMKSLKVGMVRYGLMLREDGHAYDDGTCARLREDHYIVTTTTAQAGPVYRHMEFARQCLWPELDVQLISATDAWAQLAVAGPNARRLIERIVDGFDLSNAAFPFMACAELTVCAGLRARLFRISFSGELAYEIAVPARYGNALMSRLMEIGADLGATAYGTEALGVMRIEKGHAAGNELNGQTTAQMLGMGRMVSAKKDAIGTVMTRREGLVGESRVLVGLQPLAATDPVVSGSHLFTRGASQNTETDQGWITSACYSPNLGFSIGLGFLADGANRIGEIVVAANPLQGQSVELRVVSPHFIDPEGERLRA,"[(0.9938398357289527, 'GERLR')]","(0.9938398357289527, 'GERLR')","(0.9938398357289527, 'GERLR')"
7,GERLRFT,WP_038491802.1, MULTISPECIES: sodium:phosphate symporter [Rhizobium/Agrobacterium group] >AHK02069.1 sodium-dependent phosphate transporter [Agrobacterium tumefaciens LBA4213 (Ach5)] >AKC07899.1 sodium:phosphate symporter [Agrobacterium tumefaciens],MQSTIVIVNLLGAVALLLFGLAQVKDGVTRAFGMKLRSVLATGTQSGPRSFFSGFFATVALQSSTATALTVASFAERDLIKPRMAQVVLLGANVGTAVTAWIVAAGVEWLSPLLILSGIVLKKGSSNARQGGGTAVIGIGLMLLSLHLLSGATEPMRASPALGVFIGLLDGAWPVALIFSAVLAFVSSSSLAVVVLILSLAATGTLSAGLIIVLILGANLGGAIPPVIATLSGPASARRITIGNLVVRTIGCLIAMPLASYGATLLQQLPLSPAKLPVDAHLIFNVILAAVAWPFSALISDLMAKLVPGDSKAEDGPNFLDQQALDTPVVALANATREVLSVGDAIERMLIRAENAFKHNDLAPLQEVSLLEKKVDRRQQEVKVYLSQLGRKGLADDEARRSIAIIDYAINLEHIGDIIEKGICEQIRKKVLNSFKFSDDGYEELKTLFDMTIENLRAAQSILVTGDFELARRLMESKVDIRRLEKQSSNRHLERLRDGLTESMQTSSLHLDMLRDLKRINAHIVSVAHPILDESGVLIESRLRYAEPRA,"[(0.9836363636363636, 'RLR')]","(0.9836363636363636, 'RLR')","(0.9836363636363636, 'RLR')"
8,GERLRFT,WP_038493383.1, hypothetical protein [Agrobacterium tumefaciens] >AKC08515.1 hypothetical protein Ach5_27420 [Agrobacterium tumefaciens],MRTISGNEARALIESQLAAHGHGVFSVLAQYRRDNAVAAWHETIRAVEEFINLPRFGIADVRLRAWLCAIRLDGAFVSNPGPTWLAVRQALAPYLEPSVVARFTRIMLYAGAMGVAFAAHGQDPRSASITLDTIGGAVDYFQSRRRHFVSLLYTMPHACSGSLVLQPYDALTVLLPQVEHSCIAITGFHHKLALLEALPDFSLEVDGIGAMASHDFETLDDYFLEPERASIHVMAELRGDQFIMPTMEPVDGRKIFSTAELRNGVKLIGATYEAFGLKDSDFSAMGVLVVAFARYSRDDYYVEIEKDKFRSMLRAQHELDPAELETLLVNVPSDYATNTNAYQPFLDLGDRVVSNVNLLSRFLYAFKNVHLGSRRRFQIHAGFIFEDMVKRDLESMGFTVTNIKRINRKEFDVVATHDGVIFNIQCKNNWIDLSKIEAERKLFVRYNRSLTNYYSRALKKERGREHLLKQELGMDKVVHYVVSRFPVIGAEAAVINYNQIERLRPAGRVRA,"[(0.9784735812133072, 'ERLR')]","(0.9784735812133072, 'ERLR')","(0.9784735812133072, 'ERLR')"
9,GERLRFT,AHK02717.1, hypothetical protein X971_2856 [Agrobacterium tumefaciens LBA4213 (Ach5)],MDGAFVSNPGPTWLAVRQALAPYLEPSVVARFTRIMLYAGAMGVAFAAHGQDPRSASITLDTIGGAVDYFQSRRRHFVSLLYTMPHACSGSLVLQPYDALTVLLPQVEHSCIAITGFHHKLALLEALPDFSLEVDGIGAMASHDFETLDDYFLEPERASIHVMAELRGDQFIMPTMEPVDGRKIFSTAELRNGVKLIGATYEAFGLKDSDFSAMGVLVVAFARYSRDDYYVEIEKDKFRSMLRAQHELDPAELETLLVNVPSDYATNTNAYQPFLDLGDRVVSNVNLLSRFLYAFKNVHLGSRRRFQIHAGFIFEDMVKRDLESMGFTVTNIKRINRKEFDVVATHDGVIFNIQCKNNWIDLSKIEAERKLFVRYNRSLTNYYSRALKKERGREHLLKQELGMDKVVHYVVSRFPVIGAEAAVINYNQIERLRPAGRVRA,"[(0.975, 'ERLR')]","(0.975, 'ERLR')","(0.975, 'ERLR')"
10,GERMRVT,WP_038494278.1, MULTISPECIES: glutamate synthase subunit alpha [Rhizobium/Agrobacterium group] >AHK03585.1 glutamate synthase [NADPH] large chain [Agrobacterium tumefaciens LBA4213 (Ach5)] >AKC09348.1 glutamate synthase (NADPH/NADH) large chain [Agrobacterium tumefaciens],MTNKLQADNVAATLTTDCPTAAAAAPVSAKGRFAGGLPEKQGLYDPRNEHDACGVGFVAHMKGQKSHQIVKDGLFILENLTHRGAVGADPLMGDGAGILVQIPDRFFREEMASQGVTLPKAGEYAVGHIFMPRDPSRIDHYKKVIVDVIGEEGQQFLGFRDVPVDNSSLSKAPDIAGTEPHHVQVFIGAGRDAATNHDFERKLFLIRKVLSNRIYDEGGGKETQDFYPVSLSSSTIVYKGMFLAYQVGAYYKDLADPRFESAVALVHQRFSTNTFPSWKLAHPYRMVAHNGEINTLRGNVNWMAARQASVSSALFGDDISKLWPISYEGQSDTACFDNALEFLVRGGYSMAHAVMMLIPEAWSGNLSMSAERKAFYEYHAALMEPWDGPAAVAFTDGKQIGATLDRNGLRPARYLVTDDDRVIMASEAGTLPVPEERIIKKWRLQPGKMLLIDMEKGSIISDEDVKHELAAKHPYRTWLDRTQLILEDLKPVEPRALRRDVSLLDRQQAFGYTSEDTKLLMSPMATTGQEAIGSMGTDTPISAMSDKSKLLYTYFKQNFAQVTNPPIDPIREELVMSLVSFIGPRPNLLDHEGAARAKRLEVRQPILTNGDLEKIRSIGHTEDRFDTKTLDFTYDVERGAEGMPDMLDRLCERAESAVRGGYNIIVLSDRQLGPDRIAIPALLATAAVHHHLIRKGLRTSVGLVVETGEPREIHHFCLLAGYGAEAINPYLAFDTLLDMHKHGAFPKEVSDDEVVYRYIKAVGKGILKVMSKMGISTYQSYCGAQIFDAIGLSSEFVEKYFFGTATSIEGVGLTEIAEETVTRHTAAFGKDPILANTLDIGGEYAYRMRGESHAWTPDAVASLQHAVRGNSQERYREFAAMVNETALRMNTIRGLFKVKSAEALGRKPVSIDDVEPAVDIVKRFSTGAMSFGSISREAHTTLAIAMNRIGGKSNTGEGGEESDRYMPLLNGKPNPERSAIKQIASGRFGVTTEYLVNADMLQIKVAQGAKPGEGGQLPGHKVDATVAKTRHSTPGVGLISPPPHHDIYSIEDLAQLIYDLKNVNPEADVSVKLVSEVGVGTVAAGVAKARADHITIAGFDGGTGASPLTSLKHAGSPWEIGLAETQQTLVLNGLRSRIALQVDGGLKTGRDVIIGALLGADEFGFATAPLIAAGCIMMRKCHLNTCPVGVATQDPVLRKRFKGTPEHVINYFFFVAEEVREILASLGVTKLDEIIGASELLEKDEMLAHWKAKGLDFSRIFHKVEAPKEATFWTERQKHPIDDILDRKLIEKSLPSLENREPVVFEVPIKNVDRSAGAMLSGALAKRWGHKGLKDDTIHVTLRGTAGQSFGAFLARGITFDLVGDGNDYVGKGLSGGRIIVRPPENTRIVAENSIIVGNTVLYGAITGECYFRGVAGERFAVRNSGAVAVVEGVGDHGCEYMTGGIVVVLGETGRNFAAGMSGGVAYVLDEKGDFATRCNMAMVELEPVPEEDDMLEKLHHHGGDLMHKGRVDVSEDMTRHDEERLYQLISNHFHYTNSARAKDILDRWSEFRPKFRKVMPVEYRRALEEMERMRMGVAAE,"[(0.9936748893105629, 'ERMR')]","(0.9936748893105629, 'ERMR')","(0.9936748893105629, 'ERMR')"
11,GERMRVT,WP_003511019.1," MULTISPECIES: peptide ABC transporter [Rhizobium/Agrobacterium group] >EHK00010.1 dipeptide ABC transporter nucleotide binding/ATPase protein [Agrobacterium tumefaciens 5A] >AHK03234.1 putative glutathione transporter, ATP-binding component [Agrobacterium tumefaciens LBA4213 (Ach5)] >AKC09012.1 peptide/nickel transport system ATP-binding protein [Agrobacterium tumefaciens]",MTEPLLKVENLNVTFTNYGRTRQVLRDVAFTVSAGERVALIGETGSGKSVTAKAIIGTLPKNATIASGAIVIDGRDVLAMPRREREALKGTAFSLIMQDPLSSFNPVFKIGTHLDDVMRFADKRNGINSSKAERRTRIAAVLRRVQLGDTERVMNAYPSELSGGMRQRVLIGLALLHQPKLLIADEPGTALDVTTQDEILNLINQLVAEENMALLMITHNLGVVRKVADRVVVMHHGDIVETGPCTQILHAPAADYTRSLLDAVPPLYGPRVADLAQSTRSPIVTIEGLNKIYGRRNGYHAVRDVNLTLKDGEIFGLAGESGSGKTSVARMIMGLSRPTSGNLVIDAPSPGRGKRLTQIVYQNPGTSLNPKRTVRQTLTLPLKSIGMDGEARERRMQELMGLVRLPQSYLGKYPHELSGGQKQRVAIARALAAEPKILILDEPTAALDVSVQKTVIDLLLQLREELGLTYLMISHDLSLMRNFCSRIAIMLRGEIVEEGVTSAVFAEPKHPYTRALIAAIPVVTDEEERLKPTVTEEERMRFLVKTTD,"[(0.9799270072992701, 'ERMR')]","(0.9799270072992701, 'ERMR')","(0.9799270072992701, 'ERMR')"
12,GERMRFT,WP_003511019.1," MULTISPECIES: peptide ABC transporter [Rhizobium/Agrobacterium group] >EHK00010.1 dipeptide ABC transporter nucleotide binding/ATPase protein [Agrobacterium tumefaciens 5A] >AHK03234.1 putative glutathione transporter, ATP-binding component [Agrobacterium tumefaciens LBA4213 (Ach5)] >AKC09012.1 peptide/nickel transport system ATP-binding protein [Agrobacterium tumefaciens]",MTEPLLKVENLNVTFTNYGRTRQVLRDVAFTVSAGERVALIGETGSGKSVTAKAIIGTLPKNATIASGAIVIDGRDVLAMPRREREALKGTAFSLIMQDPLSSFNPVFKIGTHLDDVMRFADKRNGINSSKAERRTRIAAVLRRVQLGDTERVMNAYPSELSGGMRQRVLIGLALLHQPKLLIADEPGTALDVTTQDEILNLINQLVAEENMALLMITHNLGVVRKVADRVVVMHHGDIVETGPCTQILHAPAADYTRSLLDAVPPLYGPRVADLAQSTRSPIVTIEGLNKIYGRRNGYHAVRDVNLTLKDGEIFGLAGESGSGKTSVARMIMGLSRPTSGNLVIDAPSPGRGKRLTQIVYQNPGTSLNPKRTVRQTLTLPLKSIGMDGEARERRMQELMGLVRLPQSYLGKYPHELSGGQKQRVAIARALAAEPKILILDEPTAALDVSVQKTVIDLLLQLREELGLTYLMISHDLSLMRNFCSRIAIMLRGEIVEEGVTSAVFAEPKHPYTRALIAAIPVVTDEEERLKPTVTEEERMRFLVKTTD,"[(0.9799270072992701, 'ERMRF')]","(0.9799270072992701, 'ERMRF')","(0.9799270072992701, 'ERMRF')"
13,GERMRFT,WP_038494278.1, MULTISPECIES: glutamate synthase subunit alpha [Rhizobium/Agrobacterium group] >AHK03585.1 glutamate synthase [NADPH] large chain [Agrobacterium tumefaciens LBA4213 (Ach5)] >AKC09348.1 glutamate synthase (NADPH/NADH) large chain [Agrobacterium tumefaciens],MTNKLQADNVAATLTTDCPTAAAAAPVSAKGRFAGGLPEKQGLYDPRNEHDACGVGFVAHMKGQKSHQIVKDGLFILENLTHRGAVGADPLMGDGAGILVQIPDRFFREEMASQGVTLPKAGEYAVGHIFMPRDPSRIDHYKKVIVDVIGEEGQQFLGFRDVPVDNSSLSKAPDIAGTEPHHVQVFIGAGRDAATNHDFERKLFLIRKVLSNRIYDEGGGKETQDFYPVSLSSSTIVYKGMFLAYQVGAYYKDLADPRFESAVALVHQRFSTNTFPSWKLAHPYRMVAHNGEINTLRGNVNWMAARQASVSSALFGDDISKLWPISYEGQSDTACFDNALEFLVRGGYSMAHAVMMLIPEAWSGNLSMSAERKAFYEYHAALMEPWDGPAAVAFTDGKQIGATLDRNGLRPARYLVTDDDRVIMASEAGTLPVPEERIIKKWRLQPGKMLLIDMEKGSIISDEDVKHELAAKHPYRTWLDRTQLILEDLKPVEPRALRRDVSLLDRQQAFGYTSEDTKLLMSPMATTGQEAIGSMGTDTPISAMSDKSKLLYTYFKQNFAQVTNPPIDPIREELVMSLVSFIGPRPNLLDHEGAARAKRLEVRQPILTNGDLEKIRSIGHTEDRFDTKTLDFTYDVERGAEGMPDMLDRLCERAESAVRGGYNIIVLSDRQLGPDRIAIPALLATAAVHHHLIRKGLRTSVGLVVETGEPREIHHFCLLAGYGAEAINPYLAFDTLLDMHKHGAFPKEVSDDEVVYRYIKAVGKGILKVMSKMGISTYQSYCGAQIFDAIGLSSEFVEKYFFGTATSIEGVGLTEIAEETVTRHTAAFGKDPILANTLDIGGEYAYRMRGESHAWTPDAVASLQHAVRGNSQERYREFAAMVNETALRMNTIRGLFKVKSAEALGRKPVSIDDVEPAVDIVKRFSTGAMSFGSISREAHTTLAIAMNRIGGKSNTGEGGEESDRYMPLLNGKPNPERSAIKQIASGRFGVTTEYLVNADMLQIKVAQGAKPGEGGQLPGHKVDATVAKTRHSTPGVGLISPPPHHDIYSIEDLAQLIYDLKNVNPEADVSVKLVSEVGVGTVAAGVAKARADHITIAGFDGGTGASPLTSLKHAGSPWEIGLAETQQTLVLNGLRSRIALQVDGGLKTGRDVIIGALLGADEFGFATAPLIAAGCIMMRKCHLNTCPVGVATQDPVLRKRFKGTPEHVINYFFFVAEEVREILASLGVTKLDEIIGASELLEKDEMLAHWKAKGLDFSRIFHKVEAPKEATFWTERQKHPIDDILDRKLIEKSLPSLENREPVVFEVPIKNVDRSAGAMLSGALAKRWGHKGLKDDTIHVTLRGTAGQSFGAFLARGITFDLVGDGNDYVGKGLSGGRIIVRPPENTRIVAENSIIVGNTVLYGAITGECYFRGVAGERFAVRNSGAVAVVEGVGDHGCEYMTGGIVVVLGETGRNFAAGMSGGVAYVLDEKGDFATRCNMAMVELEPVPEEDDMLEKLHHHGGDLMHKGRVDVSEDMTRHDEERLYQLISNHFHYTNSARAKDILDRWSEFRPKFRKVMPVEYRRALEEMERMRMGVAAE,"[(0.9936748893105629, 'ERMR')]","(0.9936748893105629, 'ERMR')","(0.9936748893105629, 'ERMR')"
14,GDRLRVT,WP_038494935.1," MULTISPECIES: agrobactin synthetase subunit F [Rhizobium/Agrobacterium group] >AHK04137.1 non-ribosomal peptide synthetase modules, siderophore biosynthesis [Agrobacterium tumefaciens LBA4213 (Ach5)] >AKC09880.1 agrobactine synthetase subunit F [Agrobacterium tumefaciens]",MAADNSRMLARRIEQTFDNADEAPRSGSQPSQYEERVWFQQFQDPDQVFRHILTYRIGGESDLLRLTSALETVCEAWPELRVRFSFGEDGTLAKSVEAPSASLVQLFQTASKDEAVALLHDLQASPFDAEIDPPFQAIVLLSEGEVLLALLVHGLLGESLSPQILLGAIAAAYAGEAPKPLSPRITENAIVNPVPLPWLQGPASGTPVVSLRNNGTKPASHCHGVDLPAALLDPNGSAAPDALLARTGARFALFLATNGDLDTVTLRLPLQPGNEAGLPLPADAVARVSISRSQSPQEAEKAVLAGLARHGEHNDEVATFTLQTLPTSAETSSVERLRFERLPLPSLQSGLGLTLAAGSTVDGHIRLELTGGKEASPHATAFLLERFIAHLEGGADFSGITHQTSSAGPEAAASLPAASRSSDDETAAAILAEFREALASTDMGPDDDFFDFGGHSLIATRIIGRLLSNHGIELRFNDLFSYPTAASLAKQATRLETAAPAQAEATATGSLTAPLSLAQMSLWKAYAAFGFGEIFNIPFALDFLDPVDESAFECAFLDIIERHPGLRTHFYVEDGTVLQKIVPMHDLPGYKWFWTSEESEGVDRHTEASWRFDLARELPMRLRFLRNPQTGGQVLSFLFHHIVLDEWSVNLMMDELTEAYRARAAGKAPVFASKPAPFHEFARKQVASGVNGDHLAYWTDMLRDAPKGLVLTGQNSTPTDAAHDEAPAGGWIEFKLEKHVSDGLYAIAKQNSASLFNVVYAAIAASLRHLGGLSDLVVGTSASGRTDSGYFDTIGYFTTVVAHRVRFREEMTVGELISSVKNTVNGSLEHSEIPIDLVEEALGMTPGRDHLFEVFIQIHAKNKLNGTLSGPDGKTVEFRQIDPDKHESMLGLQFEVMEETIGGERSIRVLMSYRSDRYGPEDVDRLRTTTSGVFSRFAEAGASGRVLTTLA,"[(0.9705573080967402, 'DRLRT')]","(0.9705573080967402, 'DRLRT')","(0.9705573080967402, 'DRLRT')"
15,GDRLRVT,AHK02559.1, HlyD family secretion protein [Agrobacterium tumefaciens LBA4213 (Ach5)],MKMVEGEKTGVTKTSIVKHSTAVVVLAAGLLFGLGGWAALAKLSGAVVATGRVVVEGNSKKIQHLSGGIVSQINVAEGDTVEAGQVLLRLSGTIVQANLSIVENTLAQLYARRARLRAEISDATSFITPEDLAVLTNSKAAKTFIDSEQNLFNSRRSALIGMKKQLVTRKDQLADEARGMDVQIEATNNELAIVREDVSKTRELYAKGLVTLQRLNLLKRQLSNLEGQQGQYMAARAQTVGKLSEMDLQSLQLDEDRKSEVTKDLTSIEATVAEYEERLAATRDQLDRLDIRSPIAGRIYQLSVHNINGVIQPGEVLMLVVPAKEDLAIDANVLPNDIDQIYVGQPVTIRFTAFNQSTTPDVSAEVAVVAPDLQTDSRSGASFYALRIKPSKTGMDHIPGGRLYPGMPAEVFIQTSERSVLSYFVKPFQDRLRKTFLQE,"[(0.9772209567198178, 'DRLR')]","(0.9772209567198178, 'DRLR')","(0.9772209567198178, 'DRLR')"
16,GDRLRVT,WP_038492447.1, MULTISPECIES: HlyD family type I secretion periplasmic adaptor subunit [Rhizobium/Agrobacterium group] >AKC08367.1 HlyD family secretion protein [Agrobacterium tumefaciens],MVEGEKTGVTKTSIVKHSTAVVVLAAGLLFGLGGWAALAKLSGAVVATGRVVVEGNSKKIQHLSGGIVSQINVAEGDTVEAGQVLLRLSGTIVQANLSIVENTLAQLYARRARLRAEISDATSFITPEDLAVLTNSKAAKTFIDSEQNLFNSRRSALIGMKKQLVTRKDQLADEARGMDVQIEATNNELAIVREDVSKTRELYAKGLVTLQRLNLLKRQLSNLEGQQGQYMAARAQTVGKLSEMDLQSLQLDEDRKSEVTKDLTSIEATVAEYEERLAATRDQLDRLDIRSPIAGRIYQLSVHNINGVIQPGEVLMLVVPAKEDLAIDANVLPNDIDQIYVGQPVTIRFTAFNQSTTPDVSAEVAVVAPDLQTDSRSGASFYALRIKPSKTGMDHIPGGRLYPGMPAEVFIQTSERSVLSYFVKPFQDRLRKTFLQE,"[(0.977116704805492, 'DRLR')]","(0.977116704805492, 'DRLR')","(0.977116704805492, 'DRLR')"
17,GDRLRFT,WP_038492089.1, MULTISPECIES: lipoprotein-related protein [Rhizobium/Agrobacterium group] >AHK02287.1 hypothetical protein X971_2420 [Agrobacterium tumefaciens LBA4213 (Ach5)] >AKC08106.1 lipoprotein-related protein [Agrobacterium tumefaciens],MNDRQPLLSRRNFAGLLALAPLFAAGGAAAAPASLRGSVSYRERIALPPGATVTVRLIDVSLADAPSQTIAETTIRPRGQVPVPFVLRYDDRDIRGRRSYALSAEIREGDRLLFTTTRRYSVLAGGRDDTDLVLERVAAAPGRPEPQAGIEGRWLVQEIRGERVRGRREATLEISREGRVSGNAGCNGIGGEVKTSRNRVDFGRMISTQMACAPDIMRQERQFIEALEGARSFRLEPRRGTLELIDGRGRPAMRLRRA,"[(0.9806201550387597, 'RLR')]","(0.9806201550387597, 'RLR')","(0.9806201550387597, 'RLR')"
18,GDRLRFT,WP_038494935.1," MULTISPECIES: agrobactin synthetase subunit F [Rhizobium/Agrobacterium group] >AHK04137.1 non-ribosomal peptide synthetase modules, siderophore biosynthesis [Agrobacterium tumefaciens LBA4213 (Ach5)] >AKC09880.1 agrobactine synthetase subunit F [Agrobacterium tumefaciens]",MAADNSRMLARRIEQTFDNADEAPRSGSQPSQYEERVWFQQFQDPDQVFRHILTYRIGGESDLLRLTSALETVCEAWPELRVRFSFGEDGTLAKSVEAPSASLVQLFQTASKDEAVALLHDLQASPFDAEIDPPFQAIVLLSEGEVLLALLVHGLLGESLSPQILLGAIAAAYAGEAPKPLSPRITENAIVNPVPLPWLQGPASGTPVVSLRNNGTKPASHCHGVDLPAALLDPNGSAAPDALLARTGARFALFLATNGDLDTVTLRLPLQPGNEAGLPLPADAVARVSISRSQSPQEAEKAVLAGLARHGEHNDEVATFTLQTLPTSAETSSVERLRFERLPLPSLQSGLGLTLAAGSTVDGHIRLELTGGKEASPHATAFLLERFIAHLEGGADFSGITHQTSSAGPEAAASLPAASRSSDDETAAAILAEFREALASTDMGPDDDFFDFGGHSLIATRIIGRLLSNHGIELRFNDLFSYPTAASLAKQATRLETAAPAQAEATATGSLTAPLSLAQMSLWKAYAAFGFGEIFNIPFALDFLDPVDESAFECAFLDIIERHPGLRTHFYVEDGTVLQKIVPMHDLPGYKWFWTSEESEGVDRHTEASWRFDLARELPMRLRFLRNPQTGGQVLSFLFHHIVLDEWSVNLMMDELTEAYRARAAGKAPVFASKPAPFHEFARKQVASGVNGDHLAYWTDMLRDAPKGLVLTGQNSTPTDAAHDEAPAGGWIEFKLEKHVSDGLYAIAKQNSASLFNVVYAAIAASLRHLGGLSDLVVGTSASGRTDSGYFDTIGYFTTVVAHRVRFREEMTVGELISSVKNTVNGSLEHSEIPIDLVEEALGMTPGRDHLFEVFIQIHAKNKLNGTLSGPDGKTVEFRQIDPDKHESMLGLQFEVMEETIGGERSIRVLMSYRSDRYGPEDVDRLRTTTSGVFSRFAEAGASGRVLTTLA,"[(0.9705573080967402, 'DRLRT')]","(0.9705573080967402, 'DRLRT')","(0.9705573080967402, 'DRLRT')"
19,GDRLRFT,WP_038494926.1," MULTISPECIES: 2,3-dihydroxybenzoate-AMP ligase [Rhizobium/Agrobacterium group] >AHK04133.1 2,3-dihydroxybenzoate-AMP ligase [Agrobacterium tumefaciens LBA4213 (Ach5)] >AKC09876.1 2,3-dihydroxybenzoate-AMP ligase [Agrobacterium tumefaciens]",MTIEFERWPEDLARRYRDRGYWIDRPLSDILTQQVELRPDATALICGDRRFTYADLDRQSSNLAGHLAAAGIGRGDTALVQLPNIAEFYLVFFALMKIGAAPVNALFSHRRLEMTSYAEQIAPKLVIGSRSHELFANDTFLDALKLASPQLAVTLLLGETEPQRSLEQWLSSPAENAPHYGPSAADEVALFQLSGGSTGTPKLIPRTHNDYDYSARASAEICELTPQTRFLCAIPVAHNYPMSSPGALGVFHAGGTVVMAANPEPLACFDLIEKHGIDIVPLVPPAVALWLQVAPAHRERLKSLKLLQVGGASFAEALARQVPQVLGCALQQVFGMAEGLVNYTRAGDPDHIVFTTQGRPISPDDEIRIVDEDGNDVPEGEAGMLATRGPYTFRGYYRAAEHSARVFDNQGFYYSGDVVQRTPEGYLRVVGRVKDQINRGGEKVASEEVENLILQHPDVTHAALVAMQDELLGEKSCVFVVSRNPALKAPAIRQHLSGLGVADYKLPDRVRFIDTMPLTAVGKIDKKRLRDMLAAPIPA,"[(0.9777365491651205, 'RLR')]","(0.9777365491651205, 'RLR')","(0.9777365491651205, 'RLR')"
20,GDRLRFT,AHK02559.1, HlyD family secretion protein [Agrobacterium tumefaciens LBA4213 (Ach5)],MKMVEGEKTGVTKTSIVKHSTAVVVLAAGLLFGLGGWAALAKLSGAVVATGRVVVEGNSKKIQHLSGGIVSQINVAEGDTVEAGQVLLRLSGTIVQANLSIVENTLAQLYARRARLRAEISDATSFITPEDLAVLTNSKAAKTFIDSEQNLFNSRRSALIGMKKQLVTRKDQLADEARGMDVQIEATNNELAIVREDVSKTRELYAKGLVTLQRLNLLKRQLSNLEGQQGQYMAARAQTVGKLSEMDLQSLQLDEDRKSEVTKDLTSIEATVAEYEERLAATRDQLDRLDIRSPIAGRIYQLSVHNINGVIQPGEVLMLVVPAKEDLAIDANVLPNDIDQIYVGQPVTIRFTAFNQSTTPDVSAEVAVVAPDLQTDSRSGASFYALRIKPSKTGMDHIPGGRLYPGMPAEVFIQTSERSVLSYFVKPFQDRLRKTFLQE,"[(0.9772209567198178, 'DRLR')]","(0.9772209567198178, 'DRLR')","(0.9772209567198178, 'DRLR')"
21,GDRLRFT,WP_038492447.1, MULTISPECIES: HlyD family type I secretion periplasmic adaptor subunit [Rhizobium/Agrobacterium group] >AKC08367.1 HlyD family secretion protein [Agrobacterium tumefaciens],MVEGEKTGVTKTSIVKHSTAVVVLAAGLLFGLGGWAALAKLSGAVVATGRVVVEGNSKKIQHLSGGIVSQINVAEGDTVEAGQVLLRLSGTIVQANLSIVENTLAQLYARRARLRAEISDATSFITPEDLAVLTNSKAAKTFIDSEQNLFNSRRSALIGMKKQLVTRKDQLADEARGMDVQIEATNNELAIVREDVSKTRELYAKGLVTLQRLNLLKRQLSNLEGQQGQYMAARAQTVGKLSEMDLQSLQLDEDRKSEVTKDLTSIEATVAEYEERLAATRDQLDRLDIRSPIAGRIYQLSVHNINGVIQPGEVLMLVVPAKEDLAIDANVLPNDIDQIYVGQPVTIRFTAFNQSTTPDVSAEVAVVAPDLQTDSRSGASFYALRIKPSKTGMDHIPGGRLYPGMPAEVFIQTSERSVLSYFVKPFQDRLRKTFLQE,"[(0.977116704805492, 'DRLR')]","(0.977116704805492, 'DRLR')","(0.977116704805492, 'DRLR')"
22,GDRMRFT,WP_003511019.1," MULTISPECIES: peptide ABC transporter [Rhizobium/Agrobacterium group] >EHK00010.1 dipeptide ABC transporter nucleotide binding/ATPase protein [Agrobacterium tumefaciens 5A] >AHK03234.1 putative glutathione transporter, ATP-binding component [Agrobacterium tumefaciens LBA4213 (Ach5)] >AKC09012.1 peptide/nickel transport system ATP-binding protein [Agrobacterium tumefaciens]",MTEPLLKVENLNVTFTNYGRTRQVLRDVAFTVSAGERVALIGETGSGKSVTAKAIIGTLPKNATIASGAIVIDGRDVLAMPRREREALKGTAFSLIMQDPLSSFNPVFKIGTHLDDVMRFADKRNGINSSKAERRTRIAAVLRRVQLGDTERVMNAYPSELSGGMRQRVLIGLALLHQPKLLIADEPGTALDVTTQDEILNLINQLVAEENMALLMITHNLGVVRKVADRVVVMHHGDIVETGPCTQILHAPAADYTRSLLDAVPPLYGPRVADLAQSTRSPIVTIEGLNKIYGRRNGYHAVRDVNLTLKDGEIFGLAGESGSGKTSVARMIMGLSRPTSGNLVIDAPSPGRGKRLTQIVYQNPGTSLNPKRTVRQTLTLPLKSIGMDGEARERRMQELMGLVRLPQSYLGKYPHELSGGQKQRVAIARALAAEPKILILDEPTAALDVSVQKTVIDLLLQLREELGLTYLMISHDLSLMRNFCSRIAIMLRGEIVEEGVTSAVFAEPKHPYTRALIAAIPVVTDEEERLKPTVTEEERMRFLVKTTD,"[(0.9817518248175182, 'RMRF')]","(0.9817518248175182, 'RMRF')","(0.9817518248175182, 'RMRF')"
